{
	"display": {
		"icon": {
			"item": "minecraft:snow"
		},
		"title": {"translate":"biome.terralith.alpha_islands_winter","fallback":"冬季旧日岛"},
		"description": {"color":"white","translate":"description.biome_advancements.terralith.alpha_islands_winter","fallback":"造访冬季旧日岛"},
		"frame": "challenge",
		"announce_to_chat": true
	},
	"parent": "biome_advancements:terralith/alpha_islands",
	"criteria": {
		"terralith:alpha_islands_winter": {
			"trigger": "minecraft:location",
			"conditions": {
				"player": {
					"location": {
						"biome": "terralith:alpha_islands_winter"
					}
				}
			}
		}
	},
	"rewards" :{
		"function" :"biome_advancements:system_use/terralith_get"
	}
}