{
	"display": {
		"icon": {
			"item": "minecraft:grass_block"
		},
		"title": {"translate":"biome.terralith.alpha_islands","fallback":"旧日岛"},
		"description": {"color":"green","translate":"description.biome_advancements.terralith.alpha_islands","fallback":"造访旧日岛"},
		"frame": "goal",
		"announce_to_chat": true
	},
	"parent": "biome_advancements:terralith/terralith",
	"criteria": {
		"terralith:alpha_islands": {
			"trigger": "minecraft:location",
			"conditions": {
				"player": {
					"location": {
						"biome": "terralith:alpha_islands"
					}
				}
			}
		}
	},
	"rewards" :{
		"function" :"biome_advancements:system_use/terralith_get"
	}
}