{
	"display": {
		"icon": {
			"item": "minecraft:white_terracotta"
		},
		"title": {"translate":"biome.terralith.alpine_highlands","fallback":"高山高地"},
		"description": {"color":"gray","translate":"description.biome_advancements.terralith.alpine_highlands","fallback":"造访高山高地"},
		"frame": "task",
		"announce_to_chat": true
	},
	"parent": "biome_advancements:terralith/terralith",
	"criteria": {
		"terralith:alpine_highlands": {
			"trigger": "minecraft:location",
			"conditions": {
				"player": {
					"location": {
						"biome": "terralith:alpine_highlands"
					}
				}
			}
		}
	},
	"rewards" :{
		"function" :"biome_advancements:system_use/terralith_get"
	}
}