{
	"display": {
		"icon": {
			"item": "minecraft:spruce_log"
		},
		"title": {"translate":"biome.terralith.alpine_grove","fallback":"高山雪林"},
		"description": {"color":"white","translate":"description.biome_advancements.terralith.alpine_grove","fallback":"造访高山雪林"},
		"frame": "task",
		"announce_to_chat": true
	},
	"parent": "biome_advancements:terralith/terralith",
	"criteria": {
		"terralith:alpine_grove": {
			"trigger": "minecraft:location",
			"conditions": {
				"player": {
					"location": {
						"biome": "terralith:alpine_grove"
					}
				}
			}
		}
	},
	"rewards" :{
		"function" :"biome_advancements:system_use/terralith_get"
	}
}