{
	"display": {
		"icon": {
			"item": "minecraft:calcite"
		},
		"title": {"translate":"biome.terralith.amethyst_rainforest","fallback":"紫水晶雨林"},
		"description": {"color":"dark_purple","translate":"description.biome_advancements.terralith.amethyst_rainforest","fallback":"造访紫水晶雨林"},
		"frame": "task",
		"announce_to_chat": true
	},
	"parent": "biome_advancements:terralith/terralith",
	"criteria": {
		"terralith:amethyst_rainforest": {
			"trigger": "minecraft:location",
			"conditions": {
				"player": {
					"location": {
						"biome": "terralith:amethyst_rainforest"
					}
				}
			}
		}
	},
	"rewards" :{
		"function" :"biome_advancements:system_use/terralith_get"
	}
}