{
	"display": {
		"icon": {
			"item": "minecraft:amethyst_block"
		},
		"title": {"translate":"biome.terralith.amethyst_canyon","fallback":"紫水晶峡谷"},
		"description": {"color":"dark_purple","translate":"description.biome_advancements.terralith.amethyst_canyon","fallback":"造访紫水晶峡谷"},
		"frame": "task",
		"announce_to_chat": true
	},
	"parent": "biome_advancements:terralith/amethyst_rainforest",
	"criteria": {
		"terralith:amethyst_canyon": {
			"trigger": "minecraft:location",
			"conditions": {
				"player": {
					"location": {
						"biome": "terralith:amethyst_canyon"
					}
				}
			}
		}
	},
	"rewards" :{
		"function" :"biome_advancements:system_use/terralith_get"
	}
}