{
	"display": {
		"icon": {
			"item": "minecraft:red_sand"
		},
		"title": {"translate":"biome.terralith.ancient_sands","fallback":"远古沙地"},
		"description": {"color":"red","translate":"description.biome_advancements.terralith.ancient_sands","fallback":"造访远古沙地"},
		"frame": "task",
		"announce_to_chat": true
	},
	"parent": "biome_advancements:terralith/terralith",
	"criteria": {
		"terralith:ancient_sands": {
			"trigger": "minecraft:location",
			"conditions": {
				"player": {
					"location": {
						"biome": "terralith:ancient_sands"
					}
				}
			}
		}
	},
	"rewards" :{
		"function" :"biome_advancements:system_use/terralith_get"
	}
}