{
	"display": {
		"icon": {
			"item": "minecraft:packed_mud"
		},
		"title": {"translate":"biome.terralith.arid_highlands","fallback":"干旱高地"},
		"description": {"color":"green","translate":"description.biome_advancements.terralith.arid_highlands","fallback":"造访干旱高地"},
		"frame": "task",
		"announce_to_chat": true
	},
	"parent": "biome_advancements:terralith/highlands",
	"criteria": {
		"terralith:arid_highlands": {
			"trigger": "minecraft:location",
			"conditions": {
				"player": {
					"location": {
						"biome": "terralith:arid_highlands"
					}
				}
			}
		}
	},
	"rewards" :{
		"function" :"biome_advancements:system_use/terralith_get"
	}
}