{
	"display": {
		"icon": {
			"item": "minecraft:blackstone"
		},
		"title": {"translate":"biome.terralith.ashen_savanna","fallback":"焚灰热带草原"},
		"description": {"color":"gray","translate":"description.biome_advancements.terralith.ashen_savanna","fallback":"造访焚灰热带草原"},
		"frame": "task",
		"announce_to_chat": true
	},
	"parent": "biome_advancements:terralith/terralith",
	"criteria": {
		"terralith:ashen_savanna": {
			"trigger": "minecraft:location",
			"conditions": {
				"player": {
					"location": {
						"biome": "terralith:ashen_savanna"
					}
				}
			}
		}
	},
	"rewards" :{
		"function" :"biome_advancements:system_use/terralith_get"
	}
}