{
	"display": {
		"icon": {
			"item": "minecraft:basalt"
		},
		"title": {"translate":"biome.terralith.basalt_cliffs","fallback":"玄武岩峭壁"},
		"description": {"color":"gray","translate":"description.biome_advancements.terralith.basalt_cliffs","fallback":"造访玄武岩峭壁"},
		"frame": "task",
		"announce_to_chat": true
	},
	"parent": "biome_advancements:terralith/terralith",
	"criteria": {
		"terralith:basalt_cliffs": {
			"trigger": "minecraft:location",
			"conditions": {
				"player": {
					"location": {
						"biome": "terralith:basalt_cliffs"
					}
				}
			}
		}
	},
	"rewards" :{
		"function" :"biome_advancements:system_use/terralith_get"
	}
}