{
	"display": {
		"icon": {
			"item": "minecraft:birch_log"
		},
		"title": {"translate":"biome.terralith.birch_taiga","fallback":"白桦针叶林"},
		"description": {"color":"green","translate":"description.biome_advancements.terralith.birch_taiga","fallback":"造访白桦针叶林"},
		"frame": "task",
		"announce_to_chat": true
	},
	"parent": "biome_advancements:terralith/terralith",
	"criteria": {
		"terralith:birch_taiga": {
			"trigger": "minecraft:location",
			"conditions": {
				"player": {
					"location": {
						"biome": "terralith:birch_taiga"
					}
				}
			}
		}
	},
	"rewards" :{
		"function" :"biome_advancements:system_use/terralith_get"
	}
}