{
	"display": {
		"icon": {
			"item": "minecraft:white_tulip"
		},
		"title": {"translate":"biome.terralith.blooming_plateau","fallback":"繁盛高原"},
		"description": {"color":"green","translate":"description.biome_advancements.terralith.blooming_plateau","fallback":"造访繁盛高原"},
		"frame": "task",
		"announce_to_chat": true
	},
	"parent": "biome_advancements:terralith/terralith",
	"criteria": {
		"terralith:blooming_plateau": {
			"trigger": "minecraft:location",
			"conditions": {
				"player": {
					"location": {
						"biome": "terralith:blooming_plateau"
					}
				}
			}
		}
	},
	"rewards" :{
		"function" :"biome_advancements:system_use/terralith_get"
	}
}