{
	"display": {
		"icon": {
			"item": "minecraft:flowering_azalea_leaves"
		},
		"title": {"translate":"biome.terralith.blooming_valley","fallback":"繁盛峡谷"},
		"description": {"color":"green","translate":"description.biome_advancements.terralith.blooming_valley","fallback":"造访繁盛峡谷"},
		"frame": "task",
		"announce_to_chat": true
	},
	"parent": "biome_advancements:terralith/blooming_plateau",
	"criteria": {
		"terralith:blooming_valley": {
			"trigger": "minecraft:location",
			"conditions": {
				"player": {
					"location": {
						"biome": "terralith:blooming_valley"
					}
				}
			}
		}
	},
	"rewards" :{
		"function" :"biome_advancements:system_use/terralith_get"
	}
}