{
	"display": {
		"icon": {
			"item": "minecraft:dead_bush"
		},
		"title": {"translate":"biome.terralith.brushland","fallback":"灌丛地"},
		"description": {"color":"green","translate":"description.biome_advancements.terralith.brushland","fallback":"造访灌丛地"},
		"frame": "task",
		"announce_to_chat": true
	},
	"parent": "biome_advancements:terralith/shrubland",
	"criteria": {
		"terralith:brushland": {
			"trigger": "minecraft:location",
			"conditions": {
				"player": {
					"location": {
						"biome": "terralith:brushland"
					}
				}
			}
		}
	},
	"rewards" :{
		"function" :"biome_advancements:system_use/terralith_get"
	}
}