{
	"display": {
		"icon": {
			"item": "minecraft:coarse_dirt"
		},
		"title": {"translate":"biome.terralith.bryce_canyon","fallback":"布莱斯峡谷"},
		"description": {"color":"red","translate":"description.biome_advancements.terralith.bryce_canyon","fallback":"造访布莱斯峡谷"},
		"frame": "task",
		"announce_to_chat": true
	},
	"parent": "biome_advancements:terralith/terralith",
	"criteria": {
		"terralith:bryce_canyon": {
			"trigger": "minecraft:location",
			"conditions": {
				"player": {
					"location": {
						"biome": "terralith:bryce_canyon"
					}
				}
			}
		}
	},
	"rewards" :{
		"function" :"biome_advancements:system_use/terralith_get"
	}
}