{
	"display": {
		"icon": {
			"item": "minecraft:cobbled_deepslate"
		},
		"title": {"translate":"biome.terralith.caldera","fallback":"破火山口"},
		"description": {"color":"green","translate":"description.biome_advancements.terralith.caldera","fallback":"造访破火山口"},
		"frame": "task",
		"announce_to_chat": true
	},
	"parent": "biome_advancements:terralith/terralith",
	"criteria": {
		"terralith:caldera": {
			"trigger": "minecraft:location",
			"conditions": {
				"player": {
					"location": {
						"biome": "terralith:caldera"
					}
				}
			}
		}
	},
	"rewards" :{
		"function" :"biome_advancements:system_use/terralith_get"
	}
}