{
	"display": {
		"icon": {
			"item": "minecraft:oxeye_daisy"
		},
		"title": {"translate":"biome.terralith.cloud_forest","fallback":"白云森林"},
		"description": {"color":"green","translate":"description.biome_advancements.terralith.cloud_forest","fallback":"造访白云森林"},
		"frame": "task",
		"announce_to_chat": true
	},
	"parent": "biome_advancements:terralith/terralith",
	"criteria": {
		"terralith:cloud_forest": {
			"trigger": "minecraft:location",
			"conditions": {
				"player": {
					"location": {
						"biome": "terralith:cloud_forest"
					}
				}
			}
		}
	},
	"rewards" :{
		"function" :"biome_advancements:system_use/terralith_get"
	}
}