{
	"display": {
		"icon": {
			"item": "minecraft:spruce_log"
		},
		"title": {"translate":"biome.terralith.cold_shrubland","fallback":"寒冷灌木带"},
		"description": {"color":"red","translate":"description.biome_advancements.terralith.cold_shrubland","fallback":"造访寒冷灌木带"},
		"frame": "task",
		"announce_to_chat": true
	},
	"parent": "biome_advancements:terralith/shrubland",
	"criteria": {
		"terralith:cold_shrubland": {
			"trigger": "minecraft:location",
			"conditions": {
				"player": {
					"location": {
						"biome": "terralith:cold_shrubland"
					}
				}
			}
		}
	},
	"rewards" :{
		"function" :"biome_advancements:system_use/terralith_get"
	}
}