{
	"display": {
		"icon": {
			"item": "minecraft:smooth_sandstone"
		},
		"title": {"translate":"biome.terralith.desert_spires","fallback":"沙漠尖峰"},
		"description": {"color":"yellow","translate":"description.biome_advancements.terralith.desert_spires","fallback":"造访沙漠尖峰"},
		"frame": "task",
		"announce_to_chat": true
	},
	"parent": "biome_advancements:terralith/terralith",
	"criteria": {
		"terralith:desert_spires": {
			"trigger": "minecraft:location",
			"conditions": {
				"player": {
					"location": {
						"biome": "terralith:desert_spires"
					}
				}
			}
		}
	},
	"rewards" :{
		"function" :"biome_advancements:system_use/terralith_get"
	}
}