{
	"display": {
		"icon": {
			"item": "minecraft:green_dye"
		},
		"title": {"translate":"biome.terralith.desert_canyon","fallback":"沙漠峡谷"},
		"description": {"color":"yellow","translate":"description.biome_advancements.terralith.desert_canyon","fallback":"造访沙漠峡谷"},
		"frame": "task",
		"announce_to_chat": true
	},
	"parent": "biome_advancements:terralith/terralith",
	"criteria": {
		"terralith:desert_canyon": {
			"trigger": "minecraft:location",
			"conditions": {
				"player": {
					"location": {
						"biome": "terralith:desert_canyon"
					}
				}
			}
		}
	},
	"rewards" :{
		"function" :"biome_advancements:system_use/terralith_get"
	}
}