{
	"display": {
		"icon": {
			"item": "minecraft:small_dripleaf"
		},
		"title": {"translate":"biome.terralith.desert_oasis","fallback":"沙漠绿洲"},
		"description": {"color":"green","translate":"description.biome_advancements.terralith.desert_oasis","fallback":"造访沙漠绿洲"},
		"frame": "task",
		"announce_to_chat": true
	},
	"parent": "biome_advancements:terralith/terralith",
	"criteria": {
		"terralith:desert_oasis": {
			"trigger": "minecraft:location",
			"conditions": {
				"player": {
					"location": {
						"biome": "terralith:desert_oasis"
					}
				}
			}
		}
	},
	"rewards" :{
		"function" :"biome_advancements:system_use/terralith_get"
	}
}