{
	"display": {
		"icon": {
			"item": "minecraft:deepslate_emerald_ore"
		},
		"title": {"translate":"biome.terralith.emerald_peaks","fallback":"绿宝石山峰"},
		"description": {"color":"gray","translate":"description.biome_advancements.terralith.emerald_peaks","fallback":"造访绿宝石山峰"},
		"frame": "task",
		"announce_to_chat": true
	},
	"parent": "biome_advancements:terralith/terralith",
	"criteria": {
		"terralith:emerald_peaks": {
			"trigger": "minecraft:location",
			"conditions": {
				"player": {
					"location": {
						"biome": "terralith:emerald_peaks"
					}
				}
			}
		}
	},
	"rewards" :{
		"function" :"biome_advancements:system_use/terralith_get"
	}
}