{
	"display": {
		"icon": {
			"item": "minecraft:clay"
		},
		"title": {"translate":"biome.terralith.forested_highlands","fallback":"林荫高地"},
		"description": {"color":"green","translate":"description.biome_advancements.terralith.forested_highlands","fallback":"造访林荫高地"},
		"frame": "task",
		"announce_to_chat": true
	},
	"parent": "biome_advancements:terralith/terralith",
	"criteria": {
		"terralith:forested_highlands": {
			"trigger": "minecraft:location",
			"conditions": {
				"player": {
					"location": {
						"biome": "terralith:forested_highlands"
					}
				}
			}
		}
	},
	"rewards" :{
		"function" :"biome_advancements:system_use/terralith_get"
	}
}