{
	"display": {
		"icon": {
			"item": "minecraft:dripstone_block"
		},
		"title": {"translate":"biome.terralith.fractured_savanna","fallback":"裂痕热带草原"},
		"description": {"color":"red","translate":"description.biome_advancements.terralith.fractured_savanna","fallback":"造访裂痕热带草原"},
		"frame": "task",
		"announce_to_chat": true
	},
	"parent": "biome_advancements:terralith/terralith",
	"criteria": {
		"terralith:fractured_savanna": {
			"trigger": "minecraft:location",
			"conditions": {
				"player": {
					"location": {
						"biome": "terralith:fractured_savanna"
					}
				}
			}
		}
	},
	"rewards" :{
		"function" :"biome_advancements:system_use/terralith_get"
	}
}