{
	"display": {
		"icon": {
			"item": "minecraft:packed_ice"
		},
		"title": {"translate":"biome.terralith.frozen_cliffs","fallback":"冰封峭壁"},
		"description": {"color":"blue","translate":"description.biome_advancements.terralith.frozen_cliffs","fallback":"造访冰封峭壁"},
		"frame": "task",
		"announce_to_chat": true
	},
	"parent": "biome_advancements:terralith/terralith",
	"criteria": {
		"terralith:frozen_cliffs": {
			"trigger": "minecraft:location",
			"conditions": {
				"player": {
					"location": {
						"biome": "terralith:frozen_cliffs"
					}
				}
			}
		}
	},
	"rewards" :{
		"function" :"biome_advancements:system_use/terralith_get"
	}
}