{
	"display": {
		"icon": {
			"item": "minecraft:blue_ice"
		},
		"title": {"translate":"biome.terralith.glacial_chasm","fallback":"开裂冰川"},
		"description": {"color":"blue","translate":"description.biome_advancements.terralith.glacial_chasm","fallback":"造访开裂冰川"},
		"frame": "task",
		"announce_to_chat": true
	},
	"parent": "biome_advancements:terralith/terralith",
	"criteria": {
		"terralith:glacial_chasm": {
			"trigger": "minecraft:location",
			"conditions": {
				"player": {
					"location": {
						"biome": "terralith:glacial_chasm"
					}
				}
			}
		}
	},
	"rewards" :{
		"function" :"biome_advancements:system_use/terralith_get"
	}
}