{
	"display": {
		"icon": {
			"item": "minecraft:stone_pickaxe"
		},
		"title": {"translate":"biome.terralith.granite_cliffs","fallback":"花岗岩峭壁"},
		"description": {"color":"gray","translate":"description.biome_advancements.terralith.granite_cliffs","fallback":"造访花岗岩峭壁"},
		"frame": "task",
		"announce_to_chat": true
	},
	"parent": "biome_advancements:terralith/terralith",
	"criteria": {
		"terralith:granite_cliffs": {
			"trigger": "minecraft:location",
			"conditions": {
				"player": {
					"location": {
						"biome": "terralith:granite_cliffs"
					}
				}
			}
		}
	},
	"rewards" :{
		"function" :"biome_advancements:system_use/terralith_get"
	}
}