{
	"display": {
		"icon": {
			"item": "minecraft:flint"
		},
		"title": {"translate":"biome.terralith.gravel_beach","fallback":"沙砾滩"},
		"description": {"color":"gray","translate":"description.biome_advancements.terralith.gravel_beach","fallback":"造访沙砾滩"},
		"frame": "task",
		"announce_to_chat": true
	},
	"parent": "biome_advancements:terralith/terralith",
	"criteria": {
		"terralith:gravel_beach": {
			"trigger": "minecraft:location",
			"conditions": {
				"player": {
					"location": {
						"biome": "terralith:gravel_beach"
					}
				}
			}
		}
	},
	"rewards" :{
		"function" :"biome_advancements:system_use/terralith_get"
	}
}