{
	"display": {
		"icon": {
			"item": "minecraft:dead_fire_coral_fan"
		},
		"title": {"translate":"biome.terralith.gravel_desert","fallback":"沙砾沙漠"},
		"description": {"color":"gray","translate":"description.biome_advancements.terralith.gravel_desert","fallback":"造访沙砾沙漠"},
		"frame": "task",
		"announce_to_chat": true
	},
	"parent": "biome_advancements:terralith/terralith",
	"criteria": {
		"terralith:gravel_desert": {
			"trigger": "minecraft:location",
			"conditions": {
				"player": {
					"location": {
						"biome": "terralith:gravel_desert"
					}
				}
			}
		}
	},
	"rewards" :{
		"function" :"biome_advancements:system_use/terralith_get"
	}
}