{
	"display": {
		"icon": {
			"item": "minecraft:cobbled_deepslate"
		},
		"title": {"translate":"biome.terralith.haze_mountain","fallback":"薄雾山地"},
		"description": {"color":"gray","translate":"description.biome_advancements.terralith.haze_mountain","fallback":"造访薄雾山地"},
		"frame": "task",
		"announce_to_chat": true
	},
	"parent": "biome_advancements:terralith/terralith",
	"criteria": {
		"terralith:haze_mountain": {
			"trigger": "minecraft:location",
			"conditions": {
				"player": {
					"location": {
						"biome": "terralith:haze_mountain"
					}
				}
			}
		}
	},
	"rewards" :{
		"function" :"biome_advancements:system_use/terralith_get"
	}
}