{
	"display": {
		"icon": {
			"item": "minecraft:coarse_dirt"
		},
		"title": {"translate":"biome.terralith.hot_shrubland","fallback":"炎热灌木带"},
		"description": {"color":"red","translate":"description.biome_advancements.terralith.hot_shrubland","fallback":"造访炎热灌木带"},
		"frame": "task",
		"announce_to_chat": true
	},
	"parent": "biome_advancements:terralith/shrubland",
	"criteria": {
		"terralith:hot_shrubland": {
			"trigger": "minecraft:location",
			"conditions": {
				"player": {
					"location": {
						"biome": "terralith:hot_shrubland"
					}
				}
			}
		}
	},
	"rewards" :{
		"function" :"biome_advancements:system_use/terralith_get"
	}
}