{
	"display": {
		"icon": {
			"item": "minecraft:stripped_oak_log"
		},
		"title": {"translate":"biome.terralith.ice_marsh","fallback":"冰沼"},
		"description": {"color":"white","translate":"description.biome_advancements.terralith.ice_marsh","fallback":"造访冰沼"},
		"frame": "task",
		"announce_to_chat": true
	},
	"parent": "biome_advancements:terralith/terralith",
	"criteria": {
		"terralith:ice_marsh": {
			"trigger": "minecraft:location",
			"conditions": {
				"player": {
					"location": {
						"biome": "terralith:ice_marsh"
					}
				}
			}
		}
	},
	"rewards" :{
		"function" :"biome_advancements:system_use/terralith_get"
	}
}