{
	"display": {
		"icon": {
			"item": "minecraft:cocoa_beans"
		},
		"title": {"translate":"biome.terralith.jungle_mountains","fallback":"丛林山地"},
		"description": {"color":"green","translate":"description.biome_advancements.terralith.jungle_mountains","fallback":"造访丛林山地"},
		"frame": "task",
		"announce_to_chat": true
	},
	"parent": "biome_advancements:terralith/terralith",
	"criteria": {
		"terralith:jungle_mountains": {
			"trigger": "minecraft:location",
			"conditions": {
				"player": {
					"location": {
						"biome": "terralith:jungle_mountains"
					}
				}
			}
		}
	},
	"rewards" :{
		"function" :"biome_advancements:system_use/terralith_get"
	}
}