{
	"display": {
		"icon": {
			"item": "minecraft:dark_oak_log"
		},
		"title": {"translate":"biome.terralith.lavender_forest","fallback":"薰衣草森林"},
		"description": {"color":"light_purple","translate":"description.biome_advancements.terralith.lavender_forest","fallback":"造访薰衣草森林"},
		"frame": "task",
		"announce_to_chat": true
	},
	"parent": "biome_advancements:terralith/terralith",
	"criteria": {
		"terralith:lavender_forest": {
			"trigger": "minecraft:location",
			"conditions": {
				"player": {
					"location": {
						"biome": "terralith:lavender_forest"
					}
				}
			}
		}
	},
	"rewards" :{
		"function" :"biome_advancements:system_use/terralith_get"
	}
}