{
	"display": {
		"icon": {
			"item": "minecraft:spruce_log"
		},
		"title": {"translate":"biome.terralith.lush_valley","fallback":"繁茂峡谷"},
		"description": {"color":"gray","translate":"description.biome_advancements.terralith.lush_valley","fallback":"造访繁茂峡谷"},
		"frame": "task",
		"announce_to_chat": true
	},
	"parent": "biome_advancements:terralith/terralith",
	"criteria": {
		"terralith:lush_valley": {
			"trigger": "minecraft:location",
			"conditions": {
				"player": {
					"location": {
						"biome": "terralith:lush_valley"
					}
				}
			}
		}
	},
	"rewards" :{
		"function" :"biome_advancements:system_use/terralith_get"
	}
}