{
	"display": {
		"icon": {
			"item": "minecraft:lilac"
		},
		"title": {"translate":"biome.terralith.mirage_isles","fallback":"蜃楼群岛"},
		"description": {"color":"blue","translate":"description.biome_advancements.terralith.mirage_isles","fallback":"造访蜃楼群岛"},
		"frame": "task",
		"announce_to_chat": true
	},
	"parent": "biome_advancements:terralith/terralith",
	"criteria": {
		"terralith:mirage_isles": {
			"trigger": "minecraft:location",
			"conditions": {
				"player": {
					"location": {
						"biome": "terralith:mirage_isles"
					}
				}
			}
		}
	},
	"rewards" :{
		"function" :"biome_advancements:system_use/terralith_get"
	}
}