{
	"display": {
		"icon": {
			"item": "minecraft:stripped_spruce_log"
		},
		"title": {"translate":"biome.terralith.moonlight_grove","fallback":"月光针叶林"},
		"description": {"color":"blue","translate":"description.biome_advancements.terralith.moonlight_grove","fallback":"造访月光针叶林"},
		"frame": "task",
		"announce_to_chat": true
	},
	"parent": "biome_advancements:terralith/terralith",
	"criteria": {
		"terralith:moonlight_grove": {
			"trigger": "minecraft:location",
			"conditions": {
				"player": {
					"location": {
						"biome": "terralith:moonlight_grove"
					}
				}
			}
		}
	},
	"rewards" :{
		"function" :"biome_advancements:system_use/terralith_get"
	}
}