{
	"display": {
		"icon": {
			"item": "minecraft:large_amethyst_bud"
		},
		"title": {"translate":"biome.terralith.moonlight_valley","fallback":"月光峡谷"},
		"description": {"color":"blue","translate":"description.biome_advancements.terralith.moonlight_valley","fallback":"造访月光峡谷"},
		"frame": "task",
		"announce_to_chat": true
	},
	"parent": "biome_advancements:terralith/moonlight_grove",
	"criteria": {
		"terralith:moonlight_valley": {
			"trigger": "minecraft:location",
			"conditions": {
				"player": {
					"location": {
						"biome": "terralith:moonlight_valley"
					}
				}
			}
		}
	},
	"rewards" :{
		"function" :"biome_advancements:system_use/terralith_get"
	}
}