{
	"display": {
		"icon": {
			"item": "minecraft:shears"
		},
		"title": {"translate":"biome.terralith.mountain_steppe","fallback":"山地草原"},
		"description": {"color":"green","translate":"description.biome_advancements.terralith.mountain_steppe","fallback":"该生物群系目前无法自然生成"},
		"frame": "challenge",
		"announce_to_chat": true,
		"hidden": true
	},
	"parent": "biome_advancements:terralith/steppe",
	"criteria": {
		"terralith:mountain_steppe": {
			"trigger": "minecraft:location",
			"conditions": {
				"player": {
					"location": {
						"biome": "terralith:mountain_steppe"
					}
				}
			}
		}
	},
	"rewards" :{
		"function" :"biome_advancements:system_use/terralith_get"
	}
}