{
	"display": {
		"icon": {
			"item": "minecraft:blue_orchid"
		},
		"title": {"translate":"biome.terralith.orchid_swamp","fallback":"兰花沼泽"},
		"description": {"color":"green","translate":"description.biome_advancements.terralith.orchid_swamp","fallback":"造访兰花沼泽"},
		"frame": "task",
		"announce_to_chat": true
	},
	"parent": "biome_advancements:terralith/terralith",
	"criteria": {
		"terralith:orchid_swamp": {
			"trigger": "minecraft:location",
			"conditions": {
				"player": {
					"location": {
						"biome": "terralith:orchid_swamp"
					}
				}
			}
		}
	},
	"rewards" :{
		"function" :"biome_advancements:system_use/terralith_get"
	}
}