{
	"display": {
		"icon": {
			"item": "minecraft:white_terracotta"
		},
		"title": {"translate":"biome.terralith.painted_mountains","fallback":"彩绘山地"},
		"description": {"color":"red","translate":"description.biome_advancements.terralith.painted_mountains","fallback":"造访彩绘山地"},
		"frame": "task",
		"announce_to_chat": true
	},
	"parent": "biome_advancements:terralith/terralith",
	"criteria": {
		"terralith:painted_mountains": {
			"trigger": "minecraft:location",
			"conditions": {
				"player": {
					"location": {
						"biome": "terralith:painted_mountains"
					}
				}
			}
		}
	},
	"rewards" :{
		"function" :"biome_advancements:system_use/terralith_get"
	}
}