{
	"display": {
		"icon": {
			"item": "minecraft:red_terracotta"
		},
		"title": {"translate":"biome.terralith.red_oasis","fallback":"红沙绿洲"},
		"description": {"color":"red","translate":"description.biome_advancements.terralith.red_oasis","fallback":"造访红沙绿洲"},
		"frame": "task",
		"announce_to_chat": true
	},
	"parent": "biome_advancements:terralith/terralith",
	"criteria": {
		"terralith:red_oasis": {
			"trigger": "minecraft:location",
			"conditions": {
				"player": {
					"location": {
						"biome": "terralith:red_oasis"
					}
				}
			}
		}
	},
	"rewards" :{
		"function" :"biome_advancements:system_use/terralith_get"
	}
}