{
	"display": {
		"icon": {
			"item": "minecraft:cobblestone"
		},
		"title": {"translate":"biome.terralith.rocky_mountains","fallback":"多岩山地"},
		"description": {"color":"gray","translate":"description.biome_advancements.terralith.rocky_mountains","fallback":"造访多岩山地"},
		"frame": "task",
		"announce_to_chat": true
	},
	"parent": "biome_advancements:terralith/terralith",
	"criteria": {
		"terralith:rocky_mountains": {
			"trigger": "minecraft:location",
			"conditions": {
				"player": {
					"location": {
						"biome": "terralith:rocky_mountains"
					}
				}
			}
		}
	},
	"rewards" :{
		"function" :"biome_advancements:system_use/terralith_get"
	}
}