{
	"display": {
		"icon": {
			"item": "minecraft:stone"
		},
		"title": {"translate":"biome.terralith.rocky_shrubland","fallback":"多岩灌木带"},
		"description": {"color":"gray","translate":"description.biome_advancements.terralith.rocky_shrubland","fallback":"造访多岩灌木带"},
		"frame": "task",
		"announce_to_chat": true
	},
	"parent": "biome_advancements:terralith/shrubland",
	"criteria": {
		"terralith:rocky_shrubland": {
			"trigger": "minecraft:location",
			"conditions": {
				"player": {
					"location": {
						"biome": "terralith:rocky_shrubland"
					}
				}
			}
		}
	},
	"rewards" :{
		"function" :"biome_advancements:system_use/terralith_get"
	}
}