{
	"display": {
		"icon": {
			"item": "minecraft:bamboo"
		},
		"title": {"translate":"biome.terralith.sakura_valley","fallback":"樱花峡谷"},
		"description": {"color":"light_purple","translate":"description.biome_advancements.terralith.sakura_valley","fallback":"造访樱花峡谷"},
		"frame": "task",
		"announce_to_chat": true
	},
	"parent": "biome_advancements:terralith/sakura_grove",
	"criteria": {
		"terralith:sakura_valley": {
			"trigger": "minecraft:location",
			"conditions": {
				"player": {
					"location": {
						"biome": "terralith:sakura_valley"
					}
				}
			}
		}
	},
	"rewards" :{
		"function" :"biome_advancements:system_use/terralith_get"
	}
}