{
	"display": {
		"icon": {
			"item": "minecraft:moss_carpet"
		},
		"title": {"translate":"biome.terralith.sandstone_valley","fallback":"砂岩峡谷"},
		"description": {"color":"green","translate":"description.biome_advancements.terralith.sandstone_valley","fallback":"造访砂岩峡谷"},
		"frame": "task",
		"announce_to_chat": true
	},
	"parent": "biome_advancements:terralith/terralith",
	"criteria": {
		"terralith:sandstone_valley": {
			"trigger": "minecraft:location",
			"conditions": {
				"player": {
					"location": {
						"biome": "terralith:sandstone_valley"
					}
				}
			}
		}
	},
	"rewards" :{
		"function" :"biome_advancements:system_use/terralith_get"
	}
}