{
	"display": {
		"icon": {
			"item": "minecraft:coal"
		},
		"title": {"translate":"biome.terralith.savanna_slopes","fallback":"热带山坡"},
		"description": {"color":"gray","translate":"description.biome_advancements.terralith.savanna_slopes","fallback":"造访热带山坡"},
		"frame": "task",
		"announce_to_chat": true
	},
	"parent": "biome_advancements:terralith/terralith",
	"criteria": {
		"terralith:savanna_slopes": {
			"trigger": "minecraft:location",
			"conditions": {
				"player": {
					"location": {
						"biome": "terralith:savanna_slopes"
					}
				}
			}
		}
	},
	"rewards" :{
		"function" :"biome_advancements:system_use/terralith_get"
	}
}