{
	"display": {
		"icon": {
			"item": "minecraft:black_terracotta"
		},
		"title": {"translate":"biome.terralith.sandstone_valley","fallback":"热带草原恶地"},
		"description": {"color":"red","translate":"description.biome_advancements.terralith.savanna_badlands","fallback":"造访热带草原恶地"},
		"frame": "task",
		"announce_to_chat": true
	},
	"parent": "biome_advancements:terralith/terralith",
	"criteria": {
		"terralith:savanna_badlands": {
			"trigger": "minecraft:location",
			"conditions": {
				"player": {
					"location": {
						"biome": "terralith:savanna_badlands"
					}
				}
			}
		}
	},
	"rewards" :{
		"function" :"biome_advancements:system_use/terralith_get"
	}
}