{
	"display": {
		"icon": {
			"item": "minecraft:crimson_nylium"
		},
		"title": {"translate":"biome.terralith.scarlet_mountains","fallback":"猩红山地"},
		"description": {"color":"white","translate":"description.biome_advancements.terralith.scarlet_mountains","fallback":"造访猩红山地"},
		"frame": "task",
		"announce_to_chat": true
	},
	"parent": "biome_advancements:terralith/terralith",
	"criteria": {
		"terralith:scarlet_mountains": {
			"trigger": "minecraft:location",
			"conditions": {
				"player": {
					"location": {
						"biome": "terralith:scarlet_mountains"
					}
				}
			}
		}
	},
	"rewards" :{
		"function" :"biome_advancements:system_use/terralith_get"
	}
}