{
	"display": {
		"icon": {
			"item": "minecraft:large_fern"
		},
		"title": {"translate":"biome.terralith.shield","fallback":"地盾"},
		"description": {"color":"green","translate":"description.biome_advancements.terralith.shield","fallback":"造访地盾"},
		"frame": "task",
		"announce_to_chat": true
	},
	"parent": "biome_advancements:terralith/terralith",
	"criteria": {
		"terralith:shield": {
			"trigger": "minecraft:location",
			"conditions": {
				"player": {
					"location": {
						"biome": "terralith:shield"
					}
				}
			}
		}
	},
	"rewards" :{
		"function" :"biome_advancements:system_use/terralith_get"
	}
}