{
	"display": {
		"icon": {
			"item": "minecraft:deepslate_copper_ore"
		},
		"title": {"translate":"biome.terralith.shrubland","fallback":"灌木带"},
		"description": {"color":"red","translate":"description.biome_advancements.terralith.shrubland","fallback":"造访灌木带"},
		"frame": "task",
		"announce_to_chat": true
	},
	"parent": "biome_advancements:terralith/terralith",
	"criteria": {
		"terralith:shrubland": {
			"trigger": "minecraft:location",
			"conditions": {
				"player": {
					"location": {
						"biome": "terralith:shrubland"
					}
				}
			}
		}
	},
	"rewards" :{
		"function" :"biome_advancements:system_use/terralith_get"
	}
}