{
	"display": {
		"icon": {
			"item": "minecraft:spruce_wood"
		},
		"title": {"translate":"biome.terralith.siberian_taiga","fallback":"西伯利亚针叶林"},
		"description": {"color":"green","translate":"description.biome_advancements.terralith.siberian_taiga","fallback":"造访西伯利亚针叶林"},
		"frame": "task",
		"announce_to_chat": true
	},
	"parent": "biome_advancements:terralith/siberian_grove",
	"criteria": {
		"terralith:siberian_taiga": {
			"trigger": "minecraft:location",
			"conditions": {
				"player": {
					"location": {
						"biome": "terralith:siberian_taiga"
					}
				}
			}
		}
	},
	"rewards" :{
		"function" :"biome_advancements:system_use/terralith_get"
	}
}