{
	"display": {
		"icon": {
			"item": "minecraft:diamond_ore"
		},
		"title": {"translate":"biome.terralith.skylands_spring","fallback":"春季空岛"},
		"description": {"color":"green","translate":"description.biome_advancements.terralith.skylands_spring","fallback":"造访春季空岛"},
		"frame": "task",
		"announce_to_chat": true
	},
	"parent": "biome_advancements:terralith/skylands",
	"criteria": {
		"terralith:skylands_spring": {
			"trigger": "minecraft:location",
			"conditions": {
				"player": {
					"location": {
						"biome": "terralith:skylands_spring"
					}
				}
			}
		}
	},
	"rewards" :{
		"function" :"biome_advancements:system_use/terralith_get"
	}
}