{
	"display": {
		"icon": {
			"item": "minecraft:water_bucket"
		},
		"title": {"translate":"biome.terralith.skylands","fallback":"空岛"},
		"description": {"color":"green","translate":"description.biome_advancements.terralith.skylands","fallback":"该生物群系暂时无法自然生成"},
		"frame": "challenge",
		"announce_to_chat": true,
		"hidden": true
	},
	"parent": "biome_advancements:terralith/terralith",
	"criteria": {
		"terralith:skylands": {
			"trigger": "minecraft:location",
			"conditions": {
				"player": {
					"location": {
						"biome": "terralith:skylands"
					}
				}
			}
		}
	},
	"rewards" :{
		"function" :"biome_advancements:system_use/terralith_get"
	}
}