{
	"display": {
		"icon": {
			"item": "minecraft:snow_golem_spawn_egg"
		},
		"title": {"translate":"biome.terralith.snowy_maple_forest","fallback":"积雪的枫木森林"},
		"description": {"color":"white","translate":"description.biome_advancements.terralith.snowy_maple_forest","fallback":"造访积雪的枫木森林"},
		"frame": "task",
		"announce_to_chat": true
	},
	"parent": "biome_advancements:terralith/terralith",
	"criteria": {
		"terralith:snowy_maple_forest": {
			"trigger": "minecraft:location",
			"conditions": {
				"player": {
					"location": {
						"biome": "terralith:snowy_maple_forest"
					}
				}
			}
		}
	},
	"rewards" :{
		"function" :"biome_advancements:system_use/terralith_get"
	}
}