{
	"display": {
		"icon": {
			"item": "minecraft:powder_snow_bucket"
		},
		"title": {"translate":"biome.terralith.snowy_shield","fallback":"积雪的地盾"},
		"description": {"color":"white","translate":"description.biome_advancements.terralith.snowy_shield","fallback":"造访积雪的地盾"},
		"frame": "task",
		"announce_to_chat": true
	},
	"parent": "biome_advancements:terralith/shield",
	"criteria": {
		"terralith:snowy_shield": {
			"trigger": "minecraft:location",
			"conditions": {
				"player": {
					"location": {
						"biome": "terralith:snowy_shield"
					}
				}
			}
		}
	},
	"rewards" :{
		"function" :"biome_advancements:system_use/terralith_get"
	}
}