{
	"display": {
		"icon": {
			"item": "minecraft:grass"
		},
		"title": {"translate":"biome.terralith.steppe","fallback":"干草原"},
		"description": {"color":"green","translate":"description.biome_advancements.terralith.steppe","fallback":"造访干草原"},
		"frame": "task",
		"announce_to_chat": true
	},
	"parent": "biome_advancements:terralith/terralith",
	"criteria": {
		"terralith:steppe": {
			"trigger": "minecraft:location",
			"conditions": {
				"player": {
					"location": {
						"biome": "terralith:steppe"
					}
				}
			}
		}
	},
	"rewards" :{
		"function" :"biome_advancements:system_use/terralith_get"
	}
}