{
	"display": {
		"icon": {
			"item": "minecraft:pointed_dripstone"
		},
		"title": {"translate":"biome.terralith.stony_spires","fallback":"裸岩尖峰"},
		"description": {"color":"gray","translate":"description.biome_advancements.terralith.stony_spires","fallback":"造访裸岩尖峰"},
		"frame": "task",
		"announce_to_chat": true
	},
	"parent": "biome_advancements:terralith/terralith",
	"criteria": {
		"terralith:stony_spires": {
			"trigger": "minecraft:location",
			"conditions": {
				"player": {
					"location": {
						"biome": "terralith:stony_spires"
					}
				}
			}
		}
	},
	"rewards" :{
		"function" :"biome_advancements:system_use/terralith_get"
	}
}