{
	"display": {
		"icon": {
			"item": "minecraft:grass_block"
		},
		"title": {"translate":"title.biome_advancements.terralith","fallback":"更多生物群系进度：Terralith"},
		"description": {"color":"green","translate":"description.biome_advancements.terralith","fallback":"为游戏加了非常多生物群系和对地形进行优化"},
		"frame": "task",
		"announce_to_chat": false,
		"show_toast": false,
		"background": "minecraft:textures/block/dirt.png"
	},
	"criteria": {
		"terralith": {
			"trigger": "minecraft:impossible"
		}
	},
	"rewards" :{
		"function" :"biome_advancements:system_use/terralith_rewards"
	}
}