{
	"display": {
		"icon": {
			"item": "minecraft:tall_grass"
		},
		"title": {"translate":"biome.terralith.valley_clearing","fallback":"峡谷空地"},
		"description": {"color":"green","translate":"description.biome_advancements.terralith.valley_clearing","fallback":"造访峡谷空地"},
		"frame": "task",
		"announce_to_chat": true
	},
	"parent": "biome_advancements:terralith/terralith",
	"criteria": {
		"terralith:valley_clearing": {
			"trigger": "minecraft:location",
			"conditions": {
				"player": {
					"location": {
						"biome": "terralith:valley_clearing"
					}
				}
			}
		}
	},
	"rewards" :{
		"function" :"biome_advancements:system_use/terralith_get"
	}
}