{
	"display": {
		"icon": {
			"item": "minecraft:smooth_basalt"
		},
		"title": {"translate":"biome.terralith.volcanic_peaks","fallback":"火山山峰"},
		"description": {"color":"red","translate":"description.biome_advancements.terralith.volcanic_peaks","fallback":"造访火山山峰"},
		"frame": "task",
		"announce_to_chat": true
	},
	"parent": "biome_advancements:terralith/volcanic_crater",
	"criteria": {
		"terralith:volcanic_peaks": {
			"trigger": "minecraft:location",
			"conditions": {
				"player": {
					"location": {
						"biome": "terralith:volcanic_peaks"
					}
				}
			}
		}
	},
	"rewards" :{
		"function" :"biome_advancements:system_use/terralith_get"
	}
}