{
	"display": {
		"icon": {
			"item": "minecraft:tropical_fish_spawn_egg"
		},
		"title": {"translate":"biome.terralith.warm_river","fallback":"暖水河"},
		"description": {"color":"blue","translate":"description.biome_advancements.terralith.warm_river","fallback":"造访暖水河"},
		"frame": "task",
		"announce_to_chat": true
	},
	"parent": "biome_advancements:terralith/terralith",
	"criteria": {
		"terralith:warm_river": {
			"trigger": "minecraft:location",
			"conditions": {
				"player": {
					"location": {
						"biome": "terralith:warm_river"
					}
				}
			}
		}
	},
	"rewards" :{
		"function" :"biome_advancements:system_use/terralith_get"
	}
}