{
	"display": {
		"icon": {
			"item": "minecraft:cyan_terracotta"
		},
		"title": {"translate":"biome.terralith.warped_mesa","fallback":"奇异恶地"},
		"description": {"color":"red","translate":"description.biome_advancements.terralith.warped_mesa","fallback":"造访奇异恶地"},
		"frame": "task",
		"announce_to_chat": true
	},
	"parent": "biome_advancements:terralith/terralith",
	"criteria": {
		"terralith:warped_mesa": {
			"trigger": "minecraft:location",
			"conditions": {
				"player": {
					"location": {
						"biome": "terralith:warped_mesa"
					}
				}
			}
		}
	},
	"rewards" :{
		"function" :"biome_advancements:system_use/terralith_get"
	}
}