{
	"display": {
		"icon": {
			"item": "minecraft:moss_block"
		},
		"title": {"translate":"biome.terralith.white_cliffs","fallback":"白色峭壁"},
		"description": {"color":"green","translate":"description.biome_advancements.terralith.white_cliffs","fallback":"造访白色峭壁"},
		"frame": "task",
		"announce_to_chat": true
	},
	"parent": "biome_advancements:terralith/terralith",
	"criteria": {
		"terralith:white_cliffs": {
			"trigger": "minecraft:location",
			"conditions": {
				"player": {
					"location": {
						"biome": "terralith:white_cliffs"
					}
				}
			}
		}
	},
	"rewards" :{
		"function" :"biome_advancements:system_use/terralith_get"
	}
}