{
	"display": {
		"icon": {
			"item": "minecraft:small_amethyst_bud"
		},
		"title": {"translate":"biome.terralith.windswept_spires","fallback":"风袭尖峰"},
		"description": {"color":"green","translate":"description.biome_advancements.terralith.windswept_spires","fallback":"造访风袭尖峰"},
		"frame": "task",
		"announce_to_chat": true
	},
	"parent": "biome_advancements:terralith/stony_spires",
	"criteria": {
		"terralith:windswept_spirer": {
			"trigger": "minecraft:location",
			"conditions": {
				"player": {
					"location": {
						"biome": "terralith:windswept_spires"
					}
				}
			}
		}
	},
	"rewards" :{
		"function" :"biome_advancements:system_use/terralith_get"
	}
}