{
	"display": {
		"icon": {
			"item": "minecraft:torch"
		},
		"title": {"translate":"biome.terralith.wintry_lowlands","fallback":"冬雪低地"},
		"description": {"color":"white","translate":"description.biome_advancements.terralith.wintry_lowlands","fallback":"造访冬雪低地"},
		"frame": "task",
		"announce_to_chat": true
	},
	"parent": "biome_advancements:terralith/wintry_forest",
	"criteria": {
		"terralith:wintry_lowlands": {
			"trigger": "minecraft:location",
			"conditions": {
				"player": {
					"location": {
						"biome": "terralith:wintry_lowlands"
					}
				}
			}
		}
	},
	"rewards" :{
		"function" :"biome_advancements:system_use/terralith_get"
	}
}