{
	"display": {
		"icon": {
			"item": "minecraft:yellow_terracotta"
		},
		"title": {"translate":"biome.terralith.yellowstone","fallback":"黄石地带"},
		"description": {"color":"white","translate":"description.biome_advancements.terralith.yellowstone","fallback":"造访黄石地带"},
		"frame": "task",
		"announce_to_chat": true
	},
	"parent": "biome_advancements:terralith/terralith",
	"criteria": {
		"terralith:yellowstone": {
			"trigger": "minecraft:location",
			"conditions": {
				"player": {
					"location": {
						"biome": "terralith:yellowstone"
					}
				}
			}
		}
	},
	"rewards" :{
		"function" :"biome_advancements:system_use/terralith_get"
	}
}