{
	"display": {
		"icon": {
			"item": "minecraft:dandelion"
		},
		"title": {"translate":"biome.terralith.yosemite_lowlands","fallback":"约塞米蒂低地"},
		"description": {"color":"green","translate":"description.biome_advancements.terralith.yosemite_lowlands","fallback":"造访约塞米蒂低地"},
		"frame": "task",
		"announce_to_chat": true
	},
	"parent": "biome_advancements:terralith/yosemite_cliffs",
	"criteria": {
		"terralith:yosemite_lowlands": {
			"trigger": "minecraft:location",
			"conditions": {
				"player": {
					"location": {
						"biome": "terralith:yosemite_lowlands"
					}
				}
			}
		}
	},
	"rewards" :{
		"function" :"biome_advancements:system_use/terralith_get"
	}
}