{
	"display": {
		"icon": {
			"item": "minecraft:diorite"
		},
		"title": {"translate":"biome.terralith.yosemite_cliffs","fallback":"约塞米蒂峭壁"},
		"description": {"color":"white","translate":"description.biome_advancements.terralith.yosemite_cliffs","fallback":"造访约塞米蒂峭壁"},
		"frame": "task",
		"announce_to_chat": true
	},
	"parent": "biome_advancements:terralith/terralith",
	"criteria": {
		"terralith:yosemite_cliffs": {
			"trigger": "minecraft:location",
			"conditions": {
				"player": {
					"location": {
						"biome": "terralith:yosemite_cliffs"
					}
				}
			}
		}
	},
	"rewards" :{
		"function" :"biome_advancements:system_use/terralith_get"
	}
}