{
	"display": {
		"icon": {
			"item": "minecraft:andesite"
		},
		"title": {"translate":"biome.terralith.cave/andesite_caves","fallback":"安山岩洞穴"},
		"description": {"color":"gray","translate":"description.biome_advancements.terralith.cave/andesite_caves","fallback":"造访安山岩洞穴"},
		"frame": "task",
		"announce_to_chat": true
	},
	"parent": "biome_advancements:terralith/terralith",
	"criteria": {
		"terralith:cave/andesite_caves": {
			"trigger": "minecraft:location",
			"conditions": {
				"player": {
					"location": {
						"biome": "terralith:cave/andesite_caves"
					}
				}
			}
		}
	},
	"rewards" :{
		"function" :"biome_advancements:system_use/terralith_get"
	}
}