{
	"display": {
		"icon": {
			"item": "minecraft:iron_pickaxe"
		},
		"title": {"translate":"biome.terralith.cave/crystal_caves","fallback":"水晶洞穴"},
		"description": {"color":"light_purple","translate":"description.biome_advancements.terralith.cave/crystal_caves","fallback":"该生物群系目前无法生成"},
		"frame": "challenge",
		"announce_to_chat": true,
		"hidden": true
	},
	"parent": "biome_advancements:terralith/terralith",
	"criteria": {
		"terralith:cave/crystal_caves": {
			"trigger": "minecraft:location",
			"conditions": {
				"player": {
					"location": {
						"biome": "terralith:cave/crystal_caves"
					}
				}
			}
		}
	},
	"rewards" :{
		"function" :"biome_advancements:system_use/terralith_get"
	}
}