{
	"display": {
		"icon": {
			"item": "minecraft:potion",
			"nbt": "{Potion: \"minecraft:night_vision\"}"
		},
		"title": {"translate":"biome.terralith.cave/deep_caves","fallback":"深邃洞穴"},
		"description": {"color":"gray","translate":"description.biome_advancements.terralith.cave/deep_caves","fallback":"造访深邃洞穴"},
		"frame": "task",
		"announce_to_chat": true
	},
	"parent": "biome_advancements:terralith/terralith",
	"criteria": {
		"terralith:cave/deep_caves": {
			"trigger": "minecraft:location",
			"conditions": {
				"player": {
					"location": {
						"biome": "terralith:cave/deep_caves"
					}
				}
			}
		}
	},
	"rewards" :{
		"function" :"biome_advancements:system_use/terralith_get"
	}
}