{
	"display": {
		"icon": {
			"item": "minecraft:dune_armor_trim_smithing_template"
		},
		"title": {"translate":"biome.terralith.cave/desert_caves","fallback":"沙漠洞穴"},
		"description": {"color":"yellow","translate":"description.biome_advancements.terralith.cave/desert_caves","fallback":"该生物群系目前无法生成"},
		"frame": "challenge",
		"announce_to_chat": true,
		"hidden": true
	},
	"parent": "biome_advancements:terralith/terralith",
	"criteria": {
		"terralith:cave/desert_caves": {
			"trigger": "minecraft:location",
			"conditions": {
				"player": {
					"location": {
						"biome": "terralith:cave/desert_caves"
					}
				}
			}
		}
	},
	"rewards" :{
		"function" :"biome_advancements:system_use/terralith_get"
	}
}