{
	"display": {
		"icon": {
			"item": "minecraft:mud"
		},
		"title": {"translate":"biome.terralith.cave/underground_jungle","fallback":"地下丛林"},
		"description": {"color":"green","translate":"description.biome_advancements.terralith.cave/underground_jungle","fallback":"造访地下丛林"},
		"frame": "task",
		"announce_to_chat": true
	},
	"parent": "biome_advancements:terralith/terralith",
	"criteria": {
		"terralith:cave/underground_jungle": {
			"trigger": "minecraft:location",
			"conditions": {
				"player": {
					"location": {
						"biome": "terralith:cave/underground_jungle"
					}
				}
			}
		}
	},
	"rewards" :{
		"function" :"biome_advancements:system_use/terralith_get"
	}
}