{
	"display": {
		"icon": {
			"item": "minecraft:trial_key"
		},
		"title": {"translate":"更多生物群系进度"},
		"description": {"color":"green","translate":"输入/trigger biome_advancements_settings进入设置界面"},
		"background": "minecraft:textures/block/tuff_bricks.png",
		"show_toast": false,
		"announce_to_chat": false
	},
	"criteria": {
		"thank you download just enough biome advancements": {
			"trigger": "minecraft:impossible"
		}
	},
	"rewards" :{
		"function" :"biome_advancements:system_use/root_rewards"
	}
}