{
    "fabric:load_conditions": [
        {
            "condition": "fabric:all_mods_loaded",
            "values": [
                "patchouli"
            ]
        }
    ],
    "conditions": [
        {
            "type": "forge:mod_loaded",
            "modid": "patchouli"
        }
    ],
    "type": "patchouli:shaped_book_recipe",
    "pattern": [
        " # ",
        "#$#",
        " # "
    ],
    "key": {
        "#": {
            "item": "minecraft:crafting_table"
        },
        "$": {
            "item": "minecraft:book"
        }
    },
    "book": "extra_recipe:extra_recipe_manual"
}