{
	"display": {
		"icon": {
			"item": "minecraft:basalt"
		},
		"title": {"translate":"biome.minecraft.basalt_deltas","fallback": "玄武岩三角洲"},
		"description": {"color":"gray","translate":"description.biome_advancements.minecraft.basalt_deltas","fallback":"造访玄武岩三角洲"},
		"frame": "task",
		"announce_to_chat": true
	},
	"parent": "biome_advancements:minecraft/vanilla",
	"criteria": {
		"minecraft:basalt_deltas": {
			"trigger": "minecraft:location",
			"conditions": {
				"player": {
					"location": {
						"biome": "minecraft:basalt_deltas"
					}
				}
			}
		}
	},
	"rewards" :{
		"function" :"biome_advancements:system_use/vanilla_get"
	}
}