{
	"display": {
		"icon": {
			"item": "minecraft:birch_log"
		},
		"title": {"translate":"biome.minecraft.birch_forest","fallback": "桦木森林"},
		"description": {"color":"green","translate":"description.biome_advancements.minecraft.birch_forest","fallback":"造访桦木森林"},
		"frame": "task",
		"announce_to_chat": true
	},
	"parent": "biome_advancements:minecraft/vanilla",
	"criteria": {
		"minecraft:birch_forest": {
			"trigger": "minecraft:location",
			"conditions": {
				"player": {
					"location": {
						"biome": "minecraft:birch_forest"
					}
				}
			}
		}
	},
	"rewards" :{
		"function" :"biome_advancements:system_use/vanilla_get"
	}
}