﻿{
	"display": {
		"icon": {
			"item": "minecraft:cherry_log"
		},
		"title": {"translate":"biome.minecraft.cherry_grove","fallback": "樱花树林"},
		"description": {"color":"light_purple","translate":"description.biome_advancements.minecraft.cherry_grove","fallback":"造访樱花树林"},
		"frame": "goal",
		"announce_to_chat": true
	},
	"parent": "biome_advancements:minecraft/meadow",
	"criteria": {
		"minecraft:cherry_grove": {
			"trigger": "minecraft:location",
			"conditions": {
				"player": {
					"location": {
						"biome": "minecraft:cherry_grove"
					}
				}
			}
		}
	},
	"rewards" :{
		"function" :"biome_advancements:system_use/vanilla_get"
	}
}