{
	"display": {
		"icon": {
			"item": "minecraft:nether_wart_block"
		},
		"title": {"translate":"biome.minecraft.crimson_forest","fallback": "绯红森林"},
		"description": {"color":"red","translate":"description.biome_advancements.minecraft.crimson_forest","fallback":"造访绯红森林"},
		"frame": "task",
		"announce_to_chat": true
	},
	"parent": "biome_advancements:minecraft/vanilla",
	"criteria": {
		"minecraft:crimson_forest": {
			"trigger": "minecraft:location",
			"conditions": {
				"player": {
					"location": {
						"biome": "minecraft:crimson_forest"
					}
				}
			}
		}
	},
	"rewards" :{
		"function" :"biome_advancements:system_use/vanilla_get"
	}
}