{
	"display": {
		"icon": {
			"item": "minecraft:sculk"
		},
		"title": {"translate":"biome.minecraft.deep_dark","fallback": "深暗之域"},
		"description": {"color":"gray","translate":"description.biome_advancements.minecraft.deep_dark","fallback":"造访深暗之域"},
		"frame": "goal",
		"announce_to_chat": true
	},
	"parent": "biome_advancements:minecraft/vanilla",
	"criteria": {
		"minecraft:deep_dark": {
			"trigger": "minecraft:location",
			"conditions": {
				"player": {
					"location": {
						"biome": "minecraft:deep_dark"
					}
				}
			}
		}
	},
	"rewards" :{
		"function" :"biome_advancements:system_use/vanilla_get"
	}
}