{
	"display": {
		"icon": {
			"item": "minecraft:dripstone_block"
		},
		"title": {"translate":"biome.minecraft.dripstone_caves","fallback": "溶洞"},
		"description": {"color":"gray","translate":"description.biome_advancements.minecraft.dripstone_caves","fallback":"造访溶洞"},
		"frame": "task",
		"announce_to_chat": true
	},
	"parent": "biome_advancements:minecraft/vanilla",
	"criteria": {
		"minecraft:dripstone_caves": {
			"trigger": "minecraft:location",
			"conditions": {
				"player": {
					"location": {
						"biome": "minecraft:dripstone_caves"
					}
				}
			}
		}
	},
	"rewards" :{
		"function" :"biome_advancements:system_use/vanilla_get"
	}
}