{
	"display": {
		"icon": {
			"item": "minecraft:orange_terracotta"
		},
		"title": {"translate":"biome.minecraft.eroded_badlands","fallback": "风蚀恶地"},
		"description": {"color":"red","translate":"description.biome_advancements.minecraft.eroded_badlands","fallback":"造访风蚀恶地"},
		"frame": "challenge",
		"announce_to_chat": true
	},
	"parent": "biome_advancements:minecraft/badlands",
	"criteria": {
		"minecraft:eroded_badlands": {
			"trigger": "minecraft:location",
			"conditions": {
				"player": {
					"location": {
						"biome": "minecraft:eroded_badlands"
					}
				}
			}
		}
	},
	"rewards" :{
		"function" :"biome_advancements:system_use/vanilla_get"
	}
}