{
	"display": {
		"icon": {
			"item": "minecraft:bee_nest"
		},
		"title": {"translate":"biome.minecraft.flower_forest","fallback": "繁花森林"},
		"description": {"color":"green","translate":"description.biome_advancements.minecraft.flower_forest","fallback":"造访繁花森林"},
		"frame": "task",
		"announce_to_chat": true
	},
	"parent": "biome_advancements:minecraft/forest",
	"criteria": {
		"minecraft:flower_forest": {
			"trigger": "minecraft:location",
			"conditions": {
				"player": {
					"location": {
						"biome": "minecraft:flower_forest"
					}
				}
			}
		}
	},
	"rewards" :{
		"function" :"biome_advancements:system_use/vanilla_get"
	}
}