{
	"display": {
		"icon": {
			"item": "minecraft:packed_ice"
		},
		"title": {"translate":"biome.minecraft.frozen_river","fallback": "冻河"},
		"description": {"color":"blue","translate":"description.biome_advancements.minecraft.frozen_river","fallback":"造访冻河"},
		"frame": "task",
		"announce_to_chat": true
	},
	"parent": "biome_advancements:minecraft/river",
	"criteria": {
		"minecraft:frozen_river": {
			"trigger": "minecraft:location",
			"conditions": {
				"player": {
					"location": {
						"biome": "minecraft:frozen_river"
					}
				}
			}
		}
	},
	"rewards" :{
		"function" :"biome_advancements:system_use/vanilla_get"
	}
}