{
	"display": {
		"icon": {
			"item": "minecraft:blue_ice"
		},
		"title": {"translate":"biome.minecraft.ice_spikes","fallback": "冰刺之地"},
		"description": {"color":"white","translate":"description.biome_advancements.minecraft.ice_spikes","fallback":"造访冰刺之地"},
		"frame": "goal",
		"announce_to_chat": true
	},
	"parent": "biome_advancements:minecraft/snowy_plains",
	"criteria": {
		"minecraft:ice_spikes": {
			"trigger": "minecraft:location",
			"conditions": {
				"player": {
					"location": {
						"biome": "minecraft:ice_spikes"
					}
				}
			}
		}
	},
	"rewards" :{
		"function" :"biome_advancements:system_use/vanilla_get"
	}
}