{
	"display": {
		"icon": {
			"item": "minecraft:moss_block"
		},
		"title": {"translate":"biome.minecraft.lush_caves","fallback": "繁茂洞穴"},
		"description": {"color":"green","translate":"description.biome_advancements.minecraft.lush_caves","fallback":"造访繁茂洞穴"},
		"frame": "task",
		"announce_to_chat": true
	},
	"parent": "biome_advancements:minecraft/vanilla",
	"criteria": {
		"minecraft:lush_caves": {
			"trigger": "minecraft:location",
			"conditions": {
				"player": {
					"location": {
						"biome": "minecraft:lush_caves"
					}
				}
			}
		}
	},
	"rewards" :{
		"function" :"biome_advancements:system_use/vanilla_get"
	}
}