﻿{
	"display": {
		"icon": {
			"item": "minecraft:mangrove_log"
		},
		"title": {"translate":"biome.minecraft.mangrove_swamp","fallback": "红树林沼泽"},
		"description": {"color":"red","translate":"description.biome_advancements.minecraft.mangrove_swamp","fallback":"造访红树林沼泽"},
		"frame": "task",
		"announce_to_chat": true
	},
	"parent": "biome_advancements:minecraft/swamp",
	"criteria": {
		"minecraft:mangrove_swamp": {
			"trigger": "minecraft:location",
			"conditions": {
				"player": {
					"location": {
						"biome": "minecraft:mangrove_swamp"
					}
				}
			}
		}
	},
	"rewards" :{
		"function" :"biome_advancements:system_use/vanilla_get"
	}
}