{
	"display": {
		"icon": {
			"item": "minecraft:netherrack"
		},
		"title": {"translate":"biome.minecraft.nether_wastes","fallback": "下界荒地"},
		"description": {"color":"red","translate":"description.biome_advancements.minecraft.nether_wastes","fallback":"造访下界荒地"},
		"frame": "task",
		"announce_to_chat": true
	},
	"parent": "biome_advancements:minecraft/vanilla",
	"criteria": {
		"minecraft:nether_wastes": {
			"trigger": "minecraft:location",
			"conditions": {
				"player": {
					"location": {
						"biome": "minecraft:nether_wastes"
					}
				}
			}
		}
	},
	"rewards" :{
		"function" :"biome_advancements:system_use/vanilla_get"
	}
}