{
	"display": {
		"icon": {
			"item": "minecraft:podzol"
		},
		"title": {"translate":"biome.minecraft.old_growth_pine_taiga","fallback": "原始松木针叶林"},
		"description": {"color":"green","translate":"description.biome_advancements.minecraft.old_growth_pine_taiga","fallback":"造访原始松木针叶林"},
		"frame": "goal",
		"announce_to_chat": true
	},
	"parent": "biome_advancements:minecraft/taiga",
	"criteria": {
		"minecraft:old_growth_pine_taiga": {
			"trigger": "minecraft:location",
			"conditions": {
				"player": {
					"location": {
						"biome": "minecraft:old_growth_pine_taiga"
					}
				}
			}
		}
	},
	"rewards" :{
		"function" :"biome_advancements:system_use/vanilla_get"
	}
}