{
	"display": {
		"icon": {
			"item": "minecraft:stripped_birch_log"
		},
		"title": {"translate":"biome.minecraft.old_growth_birch_forest","fallback": "原始桦木森林"},
		"description": {"color":"green","translate":"description.biome_advancements.minecraft.old_growth_birch_forest","fallback":"造访原始桦木森林"},
		"frame": "goal",
		"announce_to_chat": true
	},
	"parent": "biome_advancements:minecraft/birch_forest",
	"criteria": {
		"minecraft:old_growth_birch_forest": {
			"trigger": "minecraft:location",
			"conditions": {
				"player": {
					"location": {
						"biome": "minecraft:old_growth_birch_forest"
					}
				}
			}
		}
	},
	"rewards" :{
		"function" :"biome_advancements:system_use/vanilla_get"
	}
}