{
	"display": {
		"icon": {
			"item": "minecraft:ink_sac"
		},
		"title": {"translate":"biome.minecraft.river","fallback": "河流"},
		"description": {"color":"blue","translate":"description.biome_advancements.minecraft.river","fallback":"造访河流"},
		"frame": "task",
		"announce_to_chat": true
	},
	"parent": "biome_advancements:minecraft/vanilla",
	"criteria": {
		"minecraft:river": {
			"trigger": "minecraft:location",
			"conditions": {
				"player": {
					"location": {
						"biome": "minecraft:river"
					}
				}
			}
		}
	},
	"rewards" :{
		"function" :"biome_advancements:system_use/vanilla_get"
	}
}