{
	"display": {
		"icon": {
			"item": "minecraft:acacia_wood"
		},
		"title": {"translate":"biome.minecraft.savanna_plateau","fallback": "热带高原"},
		"description": {"color":"red","translate":"description.biome_advancements.minecraft.savanna_plateau","fallback":"造访热带高原"},
		"frame": "task",
		"announce_to_chat": true
	},
	"parent": "biome_advancements:minecraft/savanna",
	"criteria": {
		"minecraft:savanna_plateau": {
			"trigger": "minecraft:location",
			"conditions": {
				"player": {
					"location": {
						"biome": "minecraft:savanna_plateau"
					}
				}
			}
		}
	},
	"rewards" :{
		"function" :"biome_advancements:system_use/vanilla_get"
	}
}