{
	"display": {
		"icon": {
			"item": "minecraft:snow_block"
		},
		"title": {"translate":"biome.minecraft.snowy_plains","fallback": "雪原"},
		"description": {"color":"white","translate":"description.biome_advancements.minecraft.snowy_plains","fallback":"造访雪原"},
		"frame": "task",
		"announce_to_chat": true
	},
	"parent": "biome_advancements:minecraft/plains",
	"criteria": {
		"minecraft:snowy_plains": {
			"trigger": "minecraft:location",
			"conditions": {
				"player": {
					"location": {
						"biome": "minecraft:snowy_plains"
					}
				}
			}
		}
	},
	"rewards" :{
		"function" :"biome_advancements:system_use/vanilla_get"
	}
}