{
	"display": {
		"icon": {
			"item": "minecraft:vine"
		},
		"title": {"translate":"biome.minecraft.sparse_jungle","fallback": "稀疏丛林"},
		"description": {"color":"green","translate":"description.biome_advancements.minecraft.sparse_jungle","fallback":"造访稀疏丛林"},
		"frame": "goal",
		"announce_to_chat": true
	},
	"parent": "biome_advancements:minecraft/jungle",
	"criteria": {
		"minecraft:sparse_jungle": {
			"trigger": "minecraft:location",
			"conditions": {
				"player": {
					"location": {
						"biome": "minecraft:sparse_jungle"
					}
				}
			}
		}
	},
	"rewards" :{
		"function" :"biome_advancements:system_use/vanilla_get"
	}
}