{
	"display": {
		"icon": {
			"item": "minecraft:command_block"
		},
		"title": {"translate":"biome.minecraft.the_void","fallback": "虚空"},
		"description": {"color": "dark_purple","translate":"description.biome_advancements.minecraft.the_void","fallback":"一个需要人工召唤的生物群系"},
		"frame": "challenge",
		"hidden": true,
		"announce_to_chat": true
	},
	"parent": "biome_advancements:minecraft/vanilla",
	"criteria": {
		"minecraft:the_void": {
			"trigger": "minecraft:location",
			"conditions": {
				"player": {
					"location": {
						"biome": "minecraft:the_void"
					}
				}
			}
		}
	},
	"rewards" :{
		"function" :"biome_advancements:system_use/vanilla_get"
	}
}