﻿{
	"display": {
		"icon": {
			"item": "minecraft:end_crystal"
		},
		"title": {"translate":"biome.minecraft.the_end","fallback": "末地"},
		"description": {"color":"yellow","translate":"description.biome_advancements.minecraft.the_end","fallback":"抵达末地，末影龙在此栖息"},
		"frame": "task",
		"announce_to_chat": true
	},
	"parent": "biome_advancements:minecraft/vanilla",
	"criteria": {
		"minecraft:the_end": {
			"trigger": "minecraft:location",
			"conditions": {
				"player": {
					"location": {
						"biome": "minecraft:the_end"
					}
				}
			}
		}
	},
	"rewards" :{
		"function" :"biome_advancements:system_use/vanilla_get"
	}
}