{
	"display": {
		"icon": {
			"item": "minecraft:grass_block"
		},
		"title": {"translate":"title.biome_advancements.minecraft.vanilla","fallback": "原版"},
		"description": {"color":"green","translate":"description.biome_advancements.minecraft.vanilla","fallback":"传统的游玩之旅"},
		"frame": "task",
		"announce_to_chat": false,
		"show_toast": false,
		"hidden": true
	},
	"parent": "biome_advancements:root/root",
	"criteria": {
		"minecraft": {
			"trigger": "minecraft:impossible"
		}
	},
	"rewards" :{
		"function" :"biome_advancements:system_use/root_get"
	}
}