{
	"display": {
		"icon": {
			"item": "minecraft:brain_coral_block"
		},
		"title": {"translate":"biome.minecraft.warm_ocean","fallback": "温水海洋"},
		"description": {"color":"blue","translate":"description.biome_advancements.minecraft.warm_ocean","fallback":"造访温水海洋"},
		"frame": "task",
		"announce_to_chat": true
	},
	"parent": "biome_advancements:minecraft/ocean",
	"criteria": {
		"minecraft:warm_ocean": {
			"trigger": "minecraft:location",
			"conditions": {
				"player": {
					"location": {
						"biome": "minecraft:warm_ocean"
					}
				}
			}
		}
	},
	"rewards" :{
		"function" :"biome_advancements:system_use/vanilla_get"
	}
}