{
	"display": {
		"icon": {
			"item": "minecraft:warped_wart_block"
		},
		"title": {"translate":"biome.minecraft.warped_forest","fallback": "诡异森林"},
		"description": {"color":"blue","translate":"description.biome_advancements.minecraft.warped_forest","fallback":"造访诡异森林"},
		"frame": "goal",
		"announce_to_chat": true
	},
	"parent": "biome_advancements:minecraft/vanilla",
	"criteria": {
		"minecraft:warped_forest": {
			"trigger": "minecraft:location",
			"conditions": {
				"player": {
					"location": {
						"biome": "minecraft:warped_forest"
					}
				}
			}
		}
	},
	"rewards" :{
		"function" :"biome_advancements:system_use/vanilla_get"
	}
}