{
	"display": {
		"icon": {
			"item": "minecraft:coarse_dirt"
		},
		"title": {"translate":"biome.minecraft.windswept_savanna","fallback": "风袭热带草原"},
		"description": {"color":"red","translate":"description.biome_advancements.minecraft.windswept_savanna","fallback":"造访风袭热带草原"},
		"frame": "challenge",
		"announce_to_chat": true
	},
	"parent": "biome_advancements:minecraft/savanna",
	"criteria": {
		"minecraft:windswept_savanna": {
			"trigger": "minecraft:location",
			"conditions": {
				"player": {
					"location": {
						"biome": "minecraft:windswept_savanna"
					}
				}
			}
		}
	},
	"rewards" :{
		"function" :"biome_advancements:system_use/vanilla_get"
	}
}