{
	"display": {
		"icon": {
			"item": "minecraft:cobblestone"
		},
		"title": {"translate":"biome.minecraft.windswept_hills","fallback": "风袭丘陵"},
		"description": {"color":"green","translate":"description.biome_advancements.minecraft.windswept_hills","fallback":"造访风袭丘陵"},
		"frame": "goal",
		"announce_to_chat": true
	},
	"parent": "biome_advancements:minecraft/vanilla",
	"criteria": {
		"minecraft:windswept_hills": {
			"trigger": "minecraft:location",
			"conditions": {
				"player": {
					"location": {
						"biome": "minecraft:windswept_hills"
					}
				}
			}
		}
	},
	"rewards" :{
		"function" :"biome_advancements:system_use/vanilla_get"
	}
}