{
	"display": {
		"icon": {
			"item": "minecraft:oak_log"
		},
		"title": {"translate":"biome.minecraft.wooded_badlands","fallback": "疏林恶地"},
		"description": {"color":"red","translate":"description.biome_advancements.minecraft.wooded_badlands","fallback":"造访疏林恶地"},
		"frame": "goal",
		"announce_to_chat": true
	},
	"parent": "biome_advancements:minecraft/badlands",
	"criteria": {
		"minecraft:wooded_badlands": {
			"trigger": "minecraft:location",
			"conditions": {
				"player": {
					"location": {
						"biome": "minecraft:wooded_badlands"
					}
				}
			}
		}
	},
	"rewards" :{
		"function" :"biome_advancements:system_use/vanilla_get"
	}
}