
{
    "values":[
        "minecraft:air",
        "minecraft:cave_air",
        {"id":"minecraft:grass", "required": false},
        {"id":"minecraft:short_grass", "required": false},
        "minecraft:tall_grass",
        "minecraft:cobweb",
        "minecraft:fern",
        "minecraft:red_mushroom",
        "minecraft:brown_mushroom",
        "minecraft:red_mushroom",
        "minecraft:crimson_fungus",
        "minecraft:warped_fungus",
        "minecraft:crimson_roots",
        "minecraft:warped_roots",
        "minecraft:nether_sprouts",
        "minecraft:dead_bush",
        "minecraft:sugar_cane",
        "minecraft:bamboo_sapling",
        "minecraft:snow",
        "minecraft:lily_pad",
        "minecraft:large_fern",
        "minecraft:lever",
        "minecraft:tripwire_hook",
        "minecraft:repeater",
        "minecraft:comparator",
        "minecraft:redstone_wire",
        "#minecraft:fire",
        "#minecraft:bee_growables",
        "#minecraft:saplings",
        "#minecraft:climbable",
        "#minecraft:flowers",
        "#minecraft:wall_post_override",
        "#wormai:carpets",
        "#minecraft:buttons",
        "#minecraft:rails",
        {"id":"minecraft:light", "required": false},
        {"id":"minecraft:small_dripleaf", "required": false},
        {"id":"minecraft:hanging_roots", "required": false},
        {"id":"minecraft:spore_blossom", "required": false},
        {"id":"minecraft:glow_lichen", "required": false},
        {"id":"minecraft:frogspawn", "required": false},
        {"id":"minecraft:sculk_vein", "required": false},
        {"id":"minecraft:void_air", "required": false}
 ]
}
